AD,Andorra,https://www.budgetyourtrip.com/andorra,https://widget.budgetyourtrip.com/location-widget-js/AD
AG,Antigua and Barbuda,https://www.budgetyourtrip.com/antigua-and-barbuda,https://widget.budgetyourtrip.com/location-widget-js/AG
AR,Argentina,https://www.budgetyourtrip.com/argentina,https://widget.budgetyourtrip.com/location-widget-js/AR
AW,Aruba,https://www.budgetyourtrip.com/aruba,https://widget.budgetyourtrip.com/location-widget-js/AW
AU,Australia,https://www.budgetyourtrip.com/australia,https://widget.budgetyourtrip.com/location-widget-js/AU
AT,Austria,https://www.budgetyourtrip.com/austria,https://widget.budgetyourtrip.com/location-widget-js/AT
BS,Bahamas,https://www.budgetyourtrip.com/bahamas,https://widget.budgetyourtrip.com/location-widget-js/BS
BH,Bahrain,https://www.budgetyourtrip.com/bahrain,https://widget.budgetyourtrip.com/location-widget-js/BH
BD,Bangladesh,https://www.budgetyourtrip.com/bangladesh,https://widget.budgetyourtrip.com/location-widget-js/BD
BB,Barbados,https://www.budgetyourtrip.com/barbados,https://widget.budgetyourtrip.com/location-widget-js/BB
BY,Belarus,https://www.budgetyourtrip.com/belarus,https://widget.budgetyourtrip.com/location-widget-js/BY
BE,Belgium,https://www.budgetyourtrip.com/belgium,https://widget.budgetyourtrip.com/location-widget-js/BE
BZ,Belize,https://www.budgetyourtrip.com/belize,https://widget.budgetyourtrip.com/location-widget-js/BZ
BM,Bermuda,https://www.budgetyourtrip.com/bermuda,https://widget.budgetyourtrip.com/location-widget-js/BM
BT,Bhutan,https://www.budgetyourtrip.com/bhutan,https://widget.budgetyourtrip.com/location-widget-js/BT
BO,Bolivia,https://www.budgetyourtrip.com/bolivia,https://widget.budgetyourtrip.com/location-widget-js/BO
BA,Bosnia and Herzegowina,https://www.budgetyourtrip.com/bosnia-and-herzegowina,https://widget.budgetyourtrip.com/location-widget-js/BA
BW,Botswana,https://www.budgetyourtrip.com/botswana,https://widget.budgetyourtrip.com/location-widget-js/BW
BR,Brazil,https://www.budgetyourtrip.com/brazil,https://widget.budgetyourtrip.com/location-widget-js/BR
VG,British Virgin Islands,https://www.budgetyourtrip.com/british-virgin-islands,https://widget.budgetyourtrip.com/location-widget-js/VG
BG,Bulgaria,https://www.budgetyourtrip.com/bulgaria,https://widget.budgetyourtrip.com/location-widget-js/BG
BF,Burkina Faso,https://www.budgetyourtrip.com/burkina-faso,https://widget.budgetyourtrip.com/location-widget-js/BF
KH,Cambodia,https://www.budgetyourtrip.com/cambodia,https://widget.budgetyourtrip.com/location-widget-js/KH
CA,Canada,https://www.budgetyourtrip.com/canada,https://widget.budgetyourtrip.com/location-widget-js/CA
KY,Cayman Islands,https://www.budgetyourtrip.com/cayman-islands,https://widget.budgetyourtrip.com/location-widget-js/KY
CL,Chile,https://www.budgetyourtrip.com/chile,https://widget.budgetyourtrip.com/location-widget-js/CL
CN,China,https://www.budgetyourtrip.com/china,https://widget.budgetyourtrip.com/location-widget-js/CN
CO,Colombia,https://www.budgetyourtrip.com/colombia,https://widget.budgetyourtrip.com/location-widget-js/CO
CR,Costa Rica,https://www.budgetyourtrip.com/costa-rica,https://widget.budgetyourtrip.com/location-widget-js/CR
HR,Croatia,https://www.budgetyourtrip.com/croatia,https://widget.budgetyourtrip.com/location-widget-js/HR
CU,Cuba,https://www.budgetyourtrip.com/cuba,https://widget.budgetyourtrip.com/location-widget-js/CU
CW,Curacao,https://www.budgetyourtrip.com/curacao,https://widget.budgetyourtrip.com/location-widget-js/CW
CY,Cyprus,https://www.budgetyourtrip.com/cyprus,https://widget.budgetyourtrip.com/location-widget-js/CY
CZ,Czech Republic,https://www.budgetyourtrip.com/czech-republic,https://widget.budgetyourtrip.com/location-widget-js/CZ
DK,Denmark,https://www.budgetyourtrip.com/denmark,https://widget.budgetyourtrip.com/location-widget-js/DK
DM,Dominica,https://www.budgetyourtrip.com/dominica,https://widget.budgetyourtrip.com/location-widget-js/DM
DO,Dominican Republic,https://www.budgetyourtrip.com/dominican-republic,https://widget.budgetyourtrip.com/location-widget-js/DO
EC,Ecuador,https://www.budgetyourtrip.com/ecuador,https://widget.budgetyourtrip.com/location-widget-js/EC
EG,Egypt,https://www.budgetyourtrip.com/egypt,https://widget.budgetyourtrip.com/location-widget-js/EG
EE,Estonia,https://www.budgetyourtrip.com/estonia,https://widget.budgetyourtrip.com/location-widget-js/EE
ET,Ethiopia,https://www.budgetyourtrip.com/ethiopia,https://widget.budgetyourtrip.com/location-widget-js/ET
FJ,Fiji,https://www.budgetyourtrip.com/fiji,https://widget.budgetyourtrip.com/location-widget-js/FJ
FI,Finland,https://www.budgetyourtrip.com/finland,https://widget.budgetyourtrip.com/location-widget-js/FI
FR,France,https://www.budgetyourtrip.com/france,https://widget.budgetyourtrip.com/location-widget-js/FR
PF,French Polynesia,https://www.budgetyourtrip.com/french-polynesia,https://widget.budgetyourtrip.com/location-widget-js/PF
DE,Germany,https://www.budgetyourtrip.com/germany,https://widget.budgetyourtrip.com/location-widget-js/DE
GH,Ghana,https://www.budgetyourtrip.com/ghana,https://widget.budgetyourtrip.com/location-widget-js/GH
GR,Greece,https://www.budgetyourtrip.com/greece,https://widget.budgetyourtrip.com/location-widget-js/GR
GL,Greenland,https://www.budgetyourtrip.com/greenland,https://widget.budgetyourtrip.com/location-widget-js/GL
GD,Grenada,https://www.budgetyourtrip.com/grenada,https://widget.budgetyourtrip.com/location-widget-js/GD
GP,Guadeloupe,https://www.budgetyourtrip.com/guadeloupe,https://widget.budgetyourtrip.com/location-widget-js/GP
GT,Guatemala,https://www.budgetyourtrip.com/guatemala,https://widget.budgetyourtrip.com/location-widget-js/GT
HT,Haiti,https://www.budgetyourtrip.com/haiti,https://widget.budgetyourtrip.com/location-widget-js/HT
HN,Honduras,https://www.budgetyourtrip.com/honduras,https://widget.budgetyourtrip.com/location-widget-js/HN
HK,Hong Kong,https://www.budgetyourtrip.com/hong-kong,https://widget.budgetyourtrip.com/location-widget-js/HK
HU,Hungary,https://www.budgetyourtrip.com/hungary,https://widget.budgetyourtrip.com/location-widget-js/HU
IS,Iceland,https://www.budgetyourtrip.com/iceland,https://widget.budgetyourtrip.com/location-widget-js/IS
IN,India,https://www.budgetyourtrip.com/india,https://widget.budgetyourtrip.com/location-widget-js/IN
ID,Indonesia,https://www.budgetyourtrip.com/indonesia,https://widget.budgetyourtrip.com/location-widget-js/ID
IR,Iran,https://www.budgetyourtrip.com/iran,https://widget.budgetyourtrip.com/location-widget-js/IR
IE,Ireland,https://www.budgetyourtrip.com/ireland,https://widget.budgetyourtrip.com/location-widget-js/IE
IL,Israel,https://www.budgetyourtrip.com/israel,https://widget.budgetyourtrip.com/location-widget-js/IL
IT,Italy,https://www.budgetyourtrip.com/italy,https://widget.budgetyourtrip.com/location-widget-js/IT
JM,Jamaica,https://www.budgetyourtrip.com/jamaica,https://widget.budgetyourtrip.com/location-widget-js/JM
JP,Japan,https://www.budgetyourtrip.com/japan,https://widget.budgetyourtrip.com/location-widget-js/JP
JO,Jordan,https://www.budgetyourtrip.com/jordan,https://widget.budgetyourtrip.com/location-widget-js/JO
KZ,Kazakhstan,https://www.budgetyourtrip.com/kazakhstan,https://widget.budgetyourtrip.com/location-widget-js/KZ
KE,Kenya,https://www.budgetyourtrip.com/kenya,https://widget.budgetyourtrip.com/location-widget-js/KE
LA,Laos,https://www.budgetyourtrip.com/laos,https://widget.budgetyourtrip.com/location-widget-js/LA
LV,Latvia,https://www.budgetyourtrip.com/latvia,https://widget.budgetyourtrip.com/location-widget-js/LV
LB,Lebanon,https://www.budgetyourtrip.com/lebanon,https://widget.budgetyourtrip.com/location-widget-js/LB
LS,Lesotho,https://www.budgetyourtrip.com/lesotho,https://widget.budgetyourtrip.com/location-widget-js/LS
LI,Liechtenstein,https://www.budgetyourtrip.com/liechtenstein,https://widget.budgetyourtrip.com/location-widget-js/LI
LT,Lithuania,https://www.budgetyourtrip.com/lithuania,https://widget.budgetyourtrip.com/location-widget-js/LT
LU,Luxembourg,https://www.budgetyourtrip.com/luxembourg,https://widget.budgetyourtrip.com/location-widget-js/LU
MO,Macao,https://www.budgetyourtrip.com/macao,https://widget.budgetyourtrip.com/location-widget-js/MO
MG,Madagascar,https://www.budgetyourtrip.com/madagascar,https://widget.budgetyourtrip.com/location-widget-js/MG
MW,Malawi,https://www.budgetyourtrip.com/malawi,https://widget.budgetyourtrip.com/location-widget-js/MW
MY,Malaysia,https://www.budgetyourtrip.com/malaysia,https://widget.budgetyourtrip.com/location-widget-js/MY
MV,Maldives,https://www.budgetyourtrip.com/maldives,https://widget.budgetyourtrip.com/location-widget-js/MV
ML,Mali,https://www.budgetyourtrip.com/mali,https://widget.budgetyourtrip.com/location-widget-js/ML
MT,Malta,https://www.budgetyourtrip.com/malta,https://widget.budgetyourtrip.com/location-widget-js/MT
MQ,Martinique,https://www.budgetyourtrip.com/martinique,https://widget.budgetyourtrip.com/location-widget-js/MQ
MR,Mauritania,https://www.budgetyourtrip.com/mauritania,https://widget.budgetyourtrip.com/location-widget-js/MR
MX,Mexico,https://www.budgetyourtrip.com/mexico,https://widget.budgetyourtrip.com/location-widget-js/MX
FM,Micronesia,https://www.budgetyourtrip.com/micronesia,https://widget.budgetyourtrip.com/location-widget-js/FM
MC,Monaco,https://www.budgetyourtrip.com/monaco,https://widget.budgetyourtrip.com/location-widget-js/MC
MN,Mongolia,https://www.budgetyourtrip.com/mongolia,https://widget.budgetyourtrip.com/location-widget-js/MN
ME,Montenegro,https://www.budgetyourtrip.com/montenegro,https://widget.budgetyourtrip.com/location-widget-js/ME
MA,Morocco,https://www.budgetyourtrip.com/morocco,https://widget.budgetyourtrip.com/location-widget-js/MA
MZ,Mozambique,https://www.budgetyourtrip.com/mozambique,https://widget.budgetyourtrip.com/location-widget-js/MZ
MM,Myanmar,https://www.budgetyourtrip.com/myanmar,https://widget.budgetyourtrip.com/location-widget-js/MM
NA,Namibia,https://www.budgetyourtrip.com/namibia,https://widget.budgetyourtrip.com/location-widget-js/NA
NP,Nepal,https://www.budgetyourtrip.com/nepal,https://widget.budgetyourtrip.com/location-widget-js/NP
NL,Netherlands,https://www.budgetyourtrip.com/netherlands,https://widget.budgetyourtrip.com/location-widget-js/NL
NZ,New Zealand,https://www.budgetyourtrip.com/new-zealand,https://widget.budgetyourtrip.com/location-widget-js/NZ
NI,Nicaragua,https://www.budgetyourtrip.com/nicaragua,https://widget.budgetyourtrip.com/location-widget-js/NI
NO,Norway,https://www.budgetyourtrip.com/norway,https://widget.budgetyourtrip.com/location-widget-js/NO
PK,Pakistan,https://www.budgetyourtrip.com/pakistan,https://widget.budgetyourtrip.com/location-widget-js/PK
PA,Panama,https://www.budgetyourtrip.com/panama,https://widget.budgetyourtrip.com/location-widget-js/PA
PG,Papua New Guinea,https://www.budgetyourtrip.com/papua-new-guinea,https://widget.budgetyourtrip.com/location-widget-js/PG
PY,Paraguay,https://www.budgetyourtrip.com/paraguay,https://widget.budgetyourtrip.com/location-widget-js/PY
PE,Peru,https://www.budgetyourtrip.com/peru,https://widget.budgetyourtrip.com/location-widget-js/PE
PH,Philippines,https://www.budgetyourtrip.com/philippines,https://widget.budgetyourtrip.com/location-widget-js/PH
PL,Poland,https://www.budgetyourtrip.com/poland,https://widget.budgetyourtrip.com/location-widget-js/PL
PT,Portugal,https://www.budgetyourtrip.com/portugal,https://widget.budgetyourtrip.com/location-widget-js/PT
PR,Puerto Rico,https://www.budgetyourtrip.com/puerto-rico,https://widget.budgetyourtrip.com/location-widget-js/PR
QA,Qatar,https://www.budgetyourtrip.com/qatar,https://widget.budgetyourtrip.com/location-widget-js/QA
RO,Romania,https://www.budgetyourtrip.com/romania,https://widget.budgetyourtrip.com/location-widget-js/RO
RU,Russia,https://www.budgetyourtrip.com/russia,https://widget.budgetyourtrip.com/location-widget-js/RU
RW,Rwanda,https://www.budgetyourtrip.com/rwanda,https://widget.budgetyourtrip.com/location-widget-js/RW
BL,Saint Barthelemy,https://www.budgetyourtrip.com/saint-barthelemy,https://widget.budgetyourtrip.com/location-widget-js/BL
KN,Saint Kitts and Nevis,https://www.budgetyourtrip.com/saint-kitts-and-nevis,https://widget.budgetyourtrip.com/location-widget-js/KN
LC,Saint Lucia,https://www.budgetyourtrip.com/saint-lucia,https://widget.budgetyourtrip.com/location-widget-js/LC
VC,Saint Vincent and the Grenadines,https://www.budgetyourtrip.com/saint-vincent-and-the-grenadines,https://widget.budgetyourtrip.com/location-widget-js/VC
SN,Senegal,https://www.budgetyourtrip.com/senegal,https://widget.budgetyourtrip.com/location-widget-js/SN
RS,Serbia,https://www.budgetyourtrip.com/serbia,https://widget.budgetyourtrip.com/location-widget-js/RS
SC,Seychelles,https://www.budgetyourtrip.com/seychelles,https://widget.budgetyourtrip.com/location-widget-js/SC
SG,Singapore,https://www.budgetyourtrip.com/singapore,https://widget.budgetyourtrip.com/location-widget-js/SG
SK,Slovakia,https://www.budgetyourtrip.com/slovakia,https://widget.budgetyourtrip.com/location-widget-js/SK
SI,Slovenia,https://www.budgetyourtrip.com/slovenia,https://widget.budgetyourtrip.com/location-widget-js/SI
SB,Solomon Islands,https://www.budgetyourtrip.com/solomon-islands,https://widget.budgetyourtrip.com/location-widget-js/SB
ZA,South Africa,https://www.budgetyourtrip.com/south-africa,https://widget.budgetyourtrip.com/location-widget-js/ZA
KR,South Korea,https://www.budgetyourtrip.com/south-korea,https://widget.budgetyourtrip.com/location-widget-js/KR
ES,Spain,https://www.budgetyourtrip.com/spain,https://widget.budgetyourtrip.com/location-widget-js/ES
LK,Sri Lanka,https://www.budgetyourtrip.com/sri-lanka,https://widget.budgetyourtrip.com/location-widget-js/LK
SZ,Swaziland,https://www.budgetyourtrip.com/swaziland,https://widget.budgetyourtrip.com/location-widget-js/SZ
SE,Sweden,https://www.budgetyourtrip.com/sweden,https://widget.budgetyourtrip.com/location-widget-js/SE
CH,Switzerland,https://www.budgetyourtrip.com/switzerland,https://widget.budgetyourtrip.com/location-widget-js/CH
XT,Tahiti,https://www.budgetyourtrip.com/tahiti,https://widget.budgetyourtrip.com/location-widget-js/XT
TW,Taiwan,https://www.budgetyourtrip.com/taiwan,https://widget.budgetyourtrip.com/location-widget-js/TW
TZ,Tanzania,https://www.budgetyourtrip.com/tanzania,https://widget.budgetyourtrip.com/location-widget-js/TZ
TH,Thailand,https://www.budgetyourtrip.com/thailand,https://widget.budgetyourtrip.com/location-widget-js/TH
TT,Trinidad and Tobago,https://www.budgetyourtrip.com/trinidad-and-tobago,https://widget.budgetyourtrip.com/location-widget-js/TT
TR,Turkey,https://www.budgetyourtrip.com/turkey,https://widget.budgetyourtrip.com/location-widget-js/TR
TC,Turks and Caicos Islands,https://www.budgetyourtrip.com/turks-and-caicos-islands,https://widget.budgetyourtrip.com/location-widget-js/TC
UG,Uganda,https://www.budgetyourtrip.com/uganda,https://widget.budgetyourtrip.com/location-widget-js/UG
UA,Ukraine,https://www.budgetyourtrip.com/ukraine,https://widget.budgetyourtrip.com/location-widget-js/UA
AE,United Arab Emirates,https://www.budgetyourtrip.com/united-arab-emirates,https://widget.budgetyourtrip.com/location-widget-js/AE
GB,United Kingdom,https://www.budgetyourtrip.com/united-kingdom,https://widget.budgetyourtrip.com/location-widget-js/GB
US,United States of America,https://www.budgetyourtrip.com/united-states-of-america,https://widget.budgetyourtrip.com/location-widget-js/US
UY,Uruguay,https://www.budgetyourtrip.com/uruguay,https://widget.budgetyourtrip.com/location-widget-js/UY
VI,US Virgin Islands,https://www.budgetyourtrip.com/us-virgin-islands,https://widget.budgetyourtrip.com/location-widget-js/VI
VU,Vanautu,https://www.budgetyourtrip.com/vanautu,https://widget.budgetyourtrip.com/location-widget-js/VU
VN,Vietnam,https://www.budgetyourtrip.com/vietnam,https://widget.budgetyourtrip.com/location-widget-js/VN
ZM,Zambia,https://www.budgetyourtrip.com/zambia,https://widget.budgetyourtrip.com/location-widget-js/ZM
ZW,Zimbabwe,https://www.budgetyourtrip.com/zimbabwe,https://widget.budgetyourtrip.com/location-widget-js/ZW
